{
  "cv_roc_auc": 0.7132898711694438,
  "test_f1": 0.25477707006369427,
  "test_roc_auc": 0.737684982001751,
  "optimal_threshold": 0.7207695610168124
}