{
  "accuracy": 0.644,
  "f1": 0.7324113048707156,
  "roc_auc": 0.6734520566150575,
  "classification_report": {
    "0": {
      "precision": 0.5903614457831325,
      "recall": 0.38811881188118813,
      "f1-score": 0.46833930704898447,
      "support": 505.0
    },
    "1": {
      "precision": 0.6633986928104575,
      "recall": 0.8174496644295302,
      "f1-score": 0.7324113048707156,
      "support": 745.0
    },
    "accuracy": 0.644,
    "macro avg": {
      "precision": 0.6268800692967951,
      "recall": 0.6027842381553592,
      "f1-score": 0.60037530595985,
      "support": 1250.0
    },
    "weighted avg": {
      "precision": 0.6338916450114183,
      "recall": 0.644,
      "f1-score": 0.6257262177507362,
      "support": 1250.0
    }
  }
}